model,best_cv_score,accuracy,precision,recall,f1,roc_auc
logistic_regression,0.8455918695724267,0.8055358410220014,0.6572327044025157,0.5588235294117647,0.6040462427745664,0.8418610659019866
